alpha,beta
0,0
0.2222222222222222,0.2222222222222222
0.4444444444444444,0.4444444444444444
0.6666666666666666,0.6666666666666666
0.8888888888888888,0.8888888888888888
1.1111111111111112,1.1111111111111112
1.3333333333333333,1.3333333333333333
1.5555555555555556,1.5555555555555556
1.7777777777777777,1.7777777777777777
2,2
