alpha,beta
0,0
0.2857142857142857,0.2857142857142857
0.5714285714285714,0.5714285714285714
0.8571428571428571,0.8571428571428571
1.1428571428571428,1.1428571428571428
1.4285714285714286,1.4285714285714286
1.7142857142857142,1.7142857142857142
2,2
